0094|得意な分野を選べば家族の期待する進路が開けるが、苦手でも一生学びたい分野がある。自分の将来を何に賭けたい？|進学で選べる専門が一つの設定。成功の保証はどちらにも置かない。|評価と生涯の学ぶ目的を聞く。
0102|学校では理解できない自分を責め続けたが、大人になって別の方法で学べた。昔の自分に何を返したい？|後年の理解が当時の困難を消すわけではない。能力について持っていた自己像を考える。|学び直しが変える過去への眼差しを聞く。
0103|長く自分を待ってくれた学習仲間から、今度は別々の道へ進みたいと言われた。感謝と見捨てられた感覚をどう分ける？|仲間は支援を約束し続けておらず、学びの速度に差があった設定。|支えてくれた学習関係の終わりを聞く。
0104|何年も学んだ専門を、今後使わない人生を選ぶとする。学んだ自分を無駄だったと思わずに持っていられる？|専門を離れる理由は選べる。実用と、学習に費やした人生の意味を分ける。|使わない専門と自己の連続性を聞く。
0105|学校があなたを成功例として紹介したいと言う。自分は今の仕事を離れたいが、それを話すと後輩の目標も揺れそう。何を伝える？|外から見える成果と本人が望む生き方が違う。成功像を引き受ける責任を考える。|学校の成功像から降りる望みを聞く。
0106|将来の夢を決めて努力する仲間と違い、自分は何を学びたいか分からないまま卒業が近い。決めない自分をどう支えたい？|進路の期限はあるが、一生の目的を今決められるとは置かない。|方向のないまま進む自己への信頼を聞く。
0107|進路を支えた先生に会うが、自分はその道を辞めた。先生への感謝と、期待に応えなかった気持ちをどう話す？|辞めたことを失敗と確定せず、助けへの感謝が継続義務になるかを考える。|進路を離れた後の教師との関係を聞く。
0109|自分は限界を感じて部を離れ、仲間は夢だった大会へ進んだ。あの場所へ戻れない自分の選択をどう受け止め直す？|当時の余力と現在の結果は違う情報。成功を見た後の後悔を考える。|学ぶ共同体を離れた人生の納得を聞く。
0112|長年一緒に作った卒業作品を完成前に離れた。仲間は自分の名前を外したいと言う。何を自分の歩みに残してほしい？|実際の貢献はあるが、離れた後に仲間が完成させた設定。権利の結論は置かない。|共同の学びから外れる自己の記憶を聞く。
0114|一緒に学んだ仲間の発想が、自分の発表のおかげだと評価された。訂正すると自分の推薦が消えるかもしれない。何を語りたい？|発表で誤解が生まれた設定。評価の損失と、他者の知的貢献を扱う。|進路に関わる成果の帰属を聞く。
0115|自分の課題が誤って高く評価され、その評価で希望の進路へ推薦された。訂正すると推薦を失うなら、どう向き合う？|本人の故意の不正ではない。得た未来と、評価への信頼を比べる。|誤評価で開けた将来への責任を聞く。
0116|自分が教えた方法を信じて友達が大切な試験に臨んだが、方法に誤りがあった。謝っても結果を変えられない時、何を引き受けたい？|教えた時は正しいと信じていた。影響の大きさと善意を別に考える。|取り戻せない学習助言の結果を聞く。
0117|長年の学びの成果として表彰された結論に、自分はもう確信がない。支えてくれた人の前で、迷いをどこまで話せる？|結論の誤りが確定したわけではない。成果への期待と探究の継続を比べる。|表彰された理解を問い直す勇気を聞く。
0118|進路を決める試験の変更を自分だけ早く知らされた。共有すれば自分の有利さは減る。どうしてその情報を持っていたい？|正規の連絡に時間差がある設定。違反の有無だけでは情報利益を決めない。|進路を争う情報の先行利益を聞く。
0119|自分を支えた学校を後輩に紹介する役になったが、合わない人もいると知っている。恩返しと率直な説明をどう両立したい？|学校への愛着と、別の人の学ぶ選択に関わる責任を分ける。|恩のある学校を紹介する葛藤を聞く。
0120|仲間に教えることが自分の居場所になったが、教える時間で自分の進路の準備が遅れている。頼られる役をどこまで手放せる？|助ける楽しさと、本人の学習機会が競合する。退出が冷たさだとは決めない。|学ぶ場で役に立つ自己を離れる意味を聞く。
0121|自分が勧めた専門へ後輩が進むが、自分はその分野で生きる希望を失った。後輩の期待を揺らしても、何を話したい？|助言時の経験と現在の希望が違う。後輩が同じ結果になるとは置かない。|専門への信頼を渡した後の変化を聞く。
0122|友達の進路を一緒に決めてきたが、相手は自分に合わせていたと言う。支えたつもりの時間をどう受け止め直す？|相手の希望が十分に見えなかった設定。善意と本人の選択を分ける。|学ぶ道への介入の責任を聞く。
0123|仲間の将来に関わる発表を任されたが、自分はまだ結論に納得していない。代表を降りることで仲間を困らせても何を伝える？|発表の機会は一度で、仲間の考えも全て同じではない。|学習成果を代表する重い責任を聞く。
0124|自分が勧めた学校へ友達が転校したが、今は学ぶのが苦しいと言う。戻れない選択に関わった自分は、どんな責任を感じる？|勧めた本人の体験は良かった。友達にも合うと保証したとは置かない。|学校を変える助言の重さを聞く。
0128|教師として自分の授業を人生の中心に置いてきた。生徒が校外で学ぶ方を選んだら、教える自分の意味を何に置き直す？|生徒の学びを肯定することと、教師自身の喪失の感覚を両方考える。|教える役割の自己価値を聞く。
0129|自分が人生をかけて学んだ分野を、子は学びたくないと言う。受け継いでほしい願いをどこまで子に渡したい？|子の関心は別で、親の人生の価値を否定するとは限らない。|学問の継承と親の期待を聞く。
0130|担任として期待を伝え続けた生徒が、それに応えようとして自分の希望を言えなかったと話す。教師として何を受け止めたい？|期待に善意があっても、受け手の選択への影響は別に考える。|教育者の期待が他者の人生へ与える責任を聞く。
0131|子の進路を支えたくて課題に強く手を貸した。その成果で推薦が決まりそうな時、自分の関与をどこまで先生へ伝える？|子の理解と保護者の作業が違う。子の将来と評価への責任を比べる。|親の介入で得る進路の責任を聞く。
0132|長年育てた教え子が、自分の勧めた専門を離れると言う。自分の指導は何だったと感じても、どんな言葉で送りたい？|教師の投じた時間と、本人が選ぶ人生を区別する。|教えた人生を相手へ返す意味を聞く。
0133|卒業作品の代表として、仲間が納得しない結論でも提出すれば次の進路へつながる。完成させる責任をどこに置く？|締切の後に同じ機会はなく、共同の成果の意味が分かれている。|完成が将来を左右する共同学習を聞く。
0134|部長として夢だった最後の大会へ進めるが、仲間は競技を続ける意味を見失っている。自分の夢を集団の目標にできる？|部員の安全や違反を問題にせず、共有していた目標の変化を考える。|代表の夢と仲間の生き方を聞く。
0135|校長として人生をかけて育てた学校で、生徒は一律の活動より自分の学びを選びたいと言う。自分が作った学校をどう変えられる？|活動の一体感を失う可能性と、本人たちの自律を比較する。|作り上げた学校像を手放す意味を聞く。
0136|最後の卒業式を任された自分は、学校への感謝を皆で表したい。でも学校でつらかった生徒もいる。何を一緒に終えたい？|同じ時間を過ごしても、学校への感情は異なる。感謝を共通の義務にはしない。|学校の別れを代表する責任を聞く。
0137|自分が育てた生徒の未完成作品を認めれば進学の道が開くが、完成を約束した他の生徒は納得しない。教師として何を背負って評価する？|同じ基準の約束と、一人の学習の可能性がぶつかる架空の選抜。|教育者が未来を左右する判断を聞く。
0138|人生後半に始めた学びの場を自分が主宰している。初心者を待つと自分が深めたい学びは進まない。残る時間を誰とどう学びたい？|主宰者も学習者であり、全ての目的を一つの場で満たせない。|人生の時間を使う共同学習を聞く。
0139|自分が学校で最後に残せる行事を長く準備したが、仲間の中には参加しないことで学校を終えたい人がいる。何を共有したかったのだろう？|卒業という戻れない区切りで、共同の記憶への願いを考える。|最後の学校経験を残す望みを聞く。
0140|学校の最後の予算を任された自分。廃止すると戻せない少人数の専門授業と、多くが学ぶ基礎設備のどちらを残す責任を負いたい？|予算は架空。人数と、失われる学習機会の回復しにくさを比べる。|学ぶ機会を終える決定の責任を聞く。
0141|自分が教師なら、才能を信じる生徒に不確かな道を勧める責任を引き受けられる？現実的な道なら本人の夢は遠ざかるとする。|どちらの将来も保証できない。助言者の信念と本人の選択を区別する。|教師が希望を託す重さを聞く。
0142|教え子へ失敗を話す授業で、自分が長年隠した進路の後悔を語るか迷う。教師として信頼される自分をどう見せたい？|開示を義務とせず、役割の信頼と弱さを見せる意味を比較する。|教育者の人生の失敗の開示を聞く。
0143|入学の選抜を担う自分に、かつて自分を救った恩師の子が応募した。同じ点の他の人を前に、恩と評価をどう分ける？|恩師から依頼はない。本人に生まれる負い目と、公平な役割を考える。|教育の恩を選抜へ持ち込む境界を聞く。
0144|長く学んだ仲間の代表として、続ける人と人生の別の道へ進む人の区切りを作る。何を一緒に学んだと語りたい？|学ぶ集団は解散する設定で、目的が変わった後の意味を考える。|共同の学びを終える言葉を聞く。
0145|学校の図書を残す判断を任された自分。かつて自分を支えた本はほとんど借りられない。残す意味を誰へ説明したい？|保管に限りがあり、個人的な支えと次の生徒への機会を考える。|自分を救った学びを渡す責任を聞く。
0146|母校の紹介を任された自分に、苦しい経験も語ってほしいと卒業生が言う。母校への恩と、次の人へ伝える責任をどう持つ？|肯定的な自分の経験が、全員の学校生活を代表しない。|愛着のある学校の語りの責任を聞く。
0147|進級判断をする教師の自分に、生徒は同じ年を学び直したいと言う。家庭は遅れを心配する。誰の時間を重く見て決めたい？|本人の学ぶ希望と、家庭の将来への不安が異なる架空の判断。|他者の学ぶ人生の時間を聞く。
0148|互いの夢を支えてきた友達が、学校を離れたら別の人生を望むようになった。昔の約束が自分だけの支えになっている時、何を話す？|約束の法的な拘束ではなく、共同の将来像の変化を考える。|学ぶ仲間との未来の約束を聞く。
0150|一緒に何年も目指した進路を友達がやめた。自分が続ける理由も分からなくなった時、何を自分の夢として持ちたい？|他人の退出で自分の進路が自動で決まるわけではない。|共有した夢から自分の目的を探す。
0152|人生の大半を導いてくれた先生の指導が終わる。期待に応えるため学んだ自分は、その後何を自分の問いにしたい？|指導がなくなった後の学習目的と自己の基準を考える。|評価者を失った後の学ぶ意味を聞く。
0155|自分の卒業研究が後輩の模範として残るが、今は結論に納得できない。学んだ成果への誇りと、問い直す自由をどう示す？|後の理解が深まった設定。過去の成果を消すかだけに限定しない。|教育に残る自己の確信の変化を聞く。
0156|子が長く続けてきた学びをやめ、別の道を望む。自分はその学びのため生活を変えてきた。親の人生をどこまで話して決めたい？|親の投じた時間が子の継続義務になるとは置かない。|親自身の学習支援の人生を聞く。
0157|学び直しの場を開いた自分に、かつて学校で居場所を失った人が参加した。進度を守るため参加を制限するか、何を背負って決める？|教室の支援能力は限られる設定。排除しないことを唯一の答えにしない。|再び学ぶ居場所を作る責任を聞く。
0158|教師として採点を励みに生きてきた生徒に、点数のない学びを提案する。自分が支えてきた成功の形をどう変えたい？|評価を外すと自己の支えが変わる人がいる設定。|教育者が育てた成功像の変更を聞く。
0266|長年の日記をAIがまとめると、自分の人生は後悔ばかりに見えた。書いていない喜びもあった自分を、どう知り直したい？|要約は記録の一つの解釈で、人生全体の判定ではない。|記録から作られる人生の自己像を聞く。
0269|大切な人が亡くなった後、自分が撮った写真は多いが一緒に写った写真はない。その人との関係を何で残していきたい？|写真がないことを関係の薄さと同一視せず、記録への望みを考える。|写らなかった関係の記憶を聞く。
0272|生き方を変えようとしている自分に、推薦は昔の関心ばかりを返す。履歴を消す時、どんな自分まで手放すように感じる？|履歴を外す技術がある仮定で、情報の自己像から離れる意味を考える。|変わる人生と推薦の履歴を聞く。
0278|自分の投稿を読んだ家族が、直接話せなかった苦しさを初めて理解したと言う。知られた安心と怖さをどう受け止める？|投稿は公開していたが、家族に向けた告白ではない設定。|公開情報で親密な理解を得る感情を聞く。
0282|誰にも頼れないと感じた時、AIの言葉に支えられたとする。機械が書いたと分かっていても、自分を支えたものを何と呼びたい？|相談や治療の効果の一般論ではなく、架空の本人の意味づけを考える。|孤独な自分を支えた言葉の意味を聞く。
0283|大切な相手へ別れを告げる言葉が翻訳で穏やかになり、迷っていると受け取られた。自分の決心をどんな言葉で届けたい？|翻訳が必ず誤るとはせず、語調と本人の意図が違った架空の会話。|人生を変える言葉を翻訳する責任を聞く。
0285|家族へ自動返信していたら、家族はあなたがいつも話を聞いてくれたと思っていた。支えになった返事と、自分がいなかった時間をどう語る？|自分は内容を読まず、家族は代理機能を知らなかった設定。|親密な支えを代理した責任を聞く。
0286|自分の声を残す仕組みを使えば、死後も家族へ新しい言葉を届けられるとする。自分が言っていない返事まで、声として残したい？|実現する技術や効果を断定せず、記録と生成の違いが分かる仮定。|死後に残す自己の声の境界を聞く。
0287|自分が苦しんだ出来事のニュースを追うほど日常がつらくなるが、知らないままでは置き去りになる気がする。何から距離を置きたい？|体験の告白は求めず、情報を知る望みと生活の維持を考える。|個人的な記憶と情報への接触を聞く。
0288|長年の信念を支える情報ばかり読むと安心するが、違う資料はその信念を揺らしそうだ。自分の支えを確かめ直したい？|信念の内容の正誤を断定せず、確かめる情報の範囲が主題。|自己を支える情報選択を聞く。
0291|昔の家族との記憶につながる推薦履歴を外せば、今の自分に合う情報が届く。過去に戻る入口をなくすことをどう感じる？|記録そのものは残る設定で、自動で出会う機会の意味を考える。|推薦に預けた記憶の入口を聞く。
0292|人生の大きな選択で検索から納得できる答えを得たが、人には自分の迷いを話していない。答えを得ることと、誰かに知ってもらうことはどう違う？|情報が正しいかだけでなく、相談して関係を作る意味を考える。|進路の答えと自己を知られる意味を聞く。
0294|亡くなった友達との会話を残したいが、生前「一時の言葉だから消して」と頼まれていた。記憶の支えと約束をどう考える？|確認し直せない相手の希望と、保存する本人の愛着を比べる。|故人との会話を残す約束を聞く。
0295|自分の判断が仲間の人生を変えた会議の記録を任された。迷っていた部分を残すと責任逃れに見えそうでも、何を伝えたい？|決定の責任と、その時点の不確実さを同じにしない。|重大な決定の記録を編集する責任を聞く。
0296|家族の暮らしを公開してきた自分に、子が過去の動画を消してほしいと言う。自分の活動の歩みでも、誰の記憶として残したい？|当初の公開に同意があり、現在の希望が変わった設定。|家族の情報で作った自己の歴史を聞く。
0297|昔の親友との記録が自分の支えだが、相手はその時代を忘れて生きたいと言う。共に持てない過去を、自分はどう残したい？|公開ではなく保存の希望が違う。相手の変化を拒絶と決めない。|共同の過去を別々に持つ感覚を聞く。
0299|大切な家族の声を残したいが、本人は死後に再生されるのを望まない。失う怖さを本人へどこまで話したい？|録音を簡単にできる仮定でも、本人の希望は別にある。|喪失に備える記録への願いを聞く。
0300|共同の旅の記録を一人で持っている自分に、仲間は関係が終わったので共有を閉じたいと言う。何を自分の記憶として持てる？|関係の終わりと、共に経験した時間の記録を区別する。|共同記録の管理者の帰属を聞く。
0302|人生をかけて書いた記事が評価されたが、取材相手は注目で生活が変わり疲れている。自分の成功と相手の時間をどう受け止める？|記事に誤りはない。予想を越えた反響への責任を考える。|報道の成功が他者へ及ぶ責任を聞く。
0304|自分の記事の見出しは事実に沿うが、読者は取材相手を冷たい人だと受け取った。訂正で自分の評価が下がっても、何を直したい？|事実の正確さと人物像への影響がずれた架空の報道。|正確な表現による人物の損失を聞く。
0305|取材相手の人生を匿名で書くため細部を変えたら、本人は「もう私の人生ではない」と言う。自分が守ろうとしたものをどう話す？|特定を避ける編集と、本人の経験を語る意味が両立しない場面。|他者の人生を匿名で語る限界を聞く。
0308|自分の人生を語った文章が読みやすく編集されたが、苦しさや迷いが消えた。多くへ届く言葉と、自分の声をどう比べる？|出来事は同じでも、経験を受け取る印象が変わった設定。|人生の語りを整えられる感覚を聞く。
0309|自分が作った仕組みが仲間の生活を支えているが、理解できるのは自分だけ。離れたい自分は、どこまで引き継ぐ責任を感じる？|継続を保証する義務は置かず、依存した道具と退出を考える。|生活を支える技術から離れる責任を聞く。
0311|機器の相談役として家族を支えてきたが、離れて暮らしたい。誰かが自分の助けを待つ安心と、自分の自由をどう分ける？|重大な危険はなく、日常の技術支援が居場所でもある設定。|技術を支える家族役割の退出を聞く。
0312|長年仲間と過ごした作業を自分が自動化した。仕事は続くが「ここで一緒に生きた感じがなくなった」と言われたら何を受け止める？|効率の向上と、共同の過程への帰属は別の価値。|自動化で失われた共同の時間を聞く。
0313|自分の人生を綴る文章をAIで整えたら、以前より理解してもらえた。読者が出会ったのはどんな自分だと感じる？|内容と選択は本人にあるが、表現を補助した仮定。|生成を介して理解された自己を聞く。
0314|家族のためと思って情報共有の仕組みを勧めたら、「いつも見られている気がする」と言われた。善意と相手の暮らしの自由をどう話す？|実際の監視効果ではなく、相手が受けた感覚を考える。|情報共有の善意が関係へ及ぶ責任を聞く。
0315|自分が長年担当した案内を声の自動再生へ引き継いだ。職場を離れても声だけ残る時、自分は何を終えたと感じる？|本人の同意はあり、働く役割と残る記録を別に考える。|技術に残る働いた自己の喪失を聞く。
0316|自分が作ったプログラムを仲間が頼っているが、今は自分も直せない。支えた自分への信頼を失っても、何を伝えたい？|重大な危険の設定は置かず、理解の限界と継続の責任を考える。|技術の作者としての信頼を手放す意味を聞く。
0322|自分のサービスで「過去の自分を消したい」という希望に応じると推薦は不便になる。利用者の変化を、運営者としてどこまで優先したい？|削除の可否の法的結論はなく、本人の希望と便利さの目的を比較する。|情報で固定した自己を解く責任を聞く。
0323|通知を設計した自分の機能で、利用者はつらい情報をすぐ知るようになった。知る自由と、知らずに過ごす時間のどちらを守りたい？|緊急の危険情報ではなく、受取時期を選べる架空のサービス。|人の生活へ入る情報の責任を聞く。
0324|発信を人生の中心にした自分は、多くへ届くほど以前の読者と話せなくなった。影響力を手放してでも、どんな関係を持ちたい？|人数を増やす成功と、本人が求めた対話の意味が異なる。|情報発信の人生の目的を聞く。
0326|亡くなった仲間の共有アルバムを預かる自分に、家族は消去を、友人は保存を求める。記憶の居場所を誰のために決めたい？|全員が同じ所有権を持つとはせず、方針を話し合える架空の記録。|喪失の記録を管理する責任を聞く。
0329|自分が作った思い出機能は人を喜ばせる一方、家族を失った利用者には突然の痛みになった。支えるための技術をどう見直す？|感情を機械で確実に判定できるとは置かない。|記憶を呼び出す設計の限界を聞く。
0330|本人確認を任された自分は、別名で守ってきた関係を実名につなげられる。確認の確実さと、その人の人生の境界をどう守る？|情報を連結できる仮定で、法的義務の一般論は置かない。|名前で分けた人生を扱う責任を聞く。
0332|翻訳の責任者の自分に、利用者は人生の決断を迷ったまま伝えたいと言う。明確さを求める相手へ、どんな曖昧さを渡せる？|意思決定を代わる立場ではない。意味の確定を技術へ任せる範囲を考える。|翻訳が他者の意思を決める境界を聞く。
0333|自分が作った道具を、家族と話す唯一の手段にする人がいる。更新で操作を変える時、開発者としてどこまでその関係を守りたい？|別の手段へすぐ移れない架空の条件で、習熟と関係の継続を考える。|技術が支える親密な関係の責任を聞く。
0334|共同の記録の仕組みを変える自分に、長年の仲間が参加を終えたいと言う。便利さを求めた決定で、何のつながりを失う？|道具の変更が関係を必ず終わらせるとはせず、本人の希望を考える。|技術をそろえることで終わる共同体を聞く。
0335|相談窓口を任された自分は、効率化のため人と話す枠を減らせる。そこで初めて自分の生活を語れたという人に、何を残したい？|自動応答にも利点がある。対話で知ってもらう意味を別に考える。|情報窓口の対人関係を守る責任を聞く。
0336|地域の連絡を任された自分。掲示板を閉じれば管理は楽になるが、そこで人と会うのが支えだった住民がいる。何を終える決断だと思う？|情報の到達と、情報の場所で生まれる関係は違う。|情報の場を閉じる社会的責任を聞く。
0337|自分が長く自動化を支えた組織を離れる。後の人が仕組みを理解できないままでも、引き継げたと言える条件は何？|全ての知識を渡せるとは置かず、退出と頼られる責任を比べる。|技術を預けて離れる判断を聞く。
0338|自分の製品を、元の目的とは違う生活の支えに使う人がいる。新しい用途を支えると最初の利用者は困る。誰の暮らしを中心にしたい？|重大な危険はなく、開発資源を一つの方向にしか使えない仮定。|技術の目的を託した人への責任を聞く。
0339|自分の技術を一緒に育てた利用者の名前を残したいが、利用した事実を知られたくない人もいる。功績を認めるとは何をすること？|承認の希望と、生活情報を守る希望が異なる。|見えない貢献を記憶する責任を聞く。
0342|親しい人の人生を対談にして、自分が編集する。結論を整えると本人の迷いが消える。何をその人の人生の声として残したい？|内容の事実は同じでも、経験の印象が変わる設定。|大切な人の語りを預かる責任を聞く。
0343|長年取材した人が注目に疲れているが、あなたの記事を生きる支えとも言う。関係を終えるか、語り続けるかを何で決める？|報道が本人へ必ず利益を与えるとはせず、本人の異なる希望を確認する。|報道者と取材対象の依存する関係を聞く。
0344|自分が企画する人生の語りの場で、話すのが苦手な人の経験を自分が代弁すれば届く。本人の声と届く言葉をどう比べる？|代弁の許可がある仮定でも、本人の経験を置き換える範囲を考える。|他人の人生を代弁する責任を聞く。
0347|大切な友達が過去の投稿を全て消し、あなたとの時間も見えなくなった。相手の再出発と、自分が関係を失った感覚をどう分ける？|投稿の削除が実際の友情の終わりを意味するとは置かない。|他者の情報上の再出発と関係を聞く。
0349|補助技術で初めて自分が読みたいものを読めたが、提供はいつまで続くか分からない。道具へ自分の自由を預けることをどう感じる？|治療の効果ではなく、架空の本人の情報へのアクセスを考える。|技術に支えられた自律の不確かさを聞く。
0351|会話AIを運営する自分に、利用者は昔の苦しい相談を忘れてほしいと言う。過去を覚えないと支えが減るとしても、何を本人へ委ねたい？|支えの変化は架空条件で、効果の一般論ではない。|相談で預かった過去を忘れる責任を聞く。
0497|大切な人が戻るよう願い続けても、もう会えないと分かったとする。祈っていた自分をどう受け止め、何を残したい？|願いの実現を保証せず、喪失と祈りに置いた希望を考える。|戻れない喪失の後の祈りを聞く。
0498|別の信仰を持つ家族が、人生の大事な決断で自分のために祈っている。家族の希望とは違う道を選ぶ時、その祈りをどう受け取る？|信仰への同意と、相手の思いへの感謝を分ける。|祈りに込められた家族の期待を聞く。
0501|自分の人生を支えてきた祈りが、他の人には気軽な文化体験として楽しまれる。大切な意味が共有されない時、何を知ってほしい？|体験する人に悪意はない。実践への愛着と、異なる受け取りを考える。|人生の支えが別の意味になる感覚を聞く。
0502|家族を結ぶ行事を自分ができなくなり、家族も別々に暮らすようになった。形式が終わった後、何を同じ家族の時間として持ちたい？|再開が容易ではない架空条件で、実践と関係の継続を分ける。|終わった儀礼と家族の連続性を聞く。
0505|自分の故郷への思いを翻訳すると、大切な人には分かりやすくなるが別の意味になる。理解しきれない部分も抱えてもらいたい？|相手は元の言語を学べない設定。全部伝わることだけを関係の条件にしない。|親密な理解に残す言語の違いを聞く。
0512|自分の人生を支えた作品を、作者は違う意味だと言う。当時の自分が救われた読み方を、誤りだったと感じる？|作者の意図と、受け手が経験した支えは別。どちらを偽物ともしない。|人生を変えた解釈の権限を聞く。
0515|長く言葉にできなかった自分の経験が作品に描かれていた。見てもらえた安心と、自分だけの経験でなくなった感覚をどう持つ？|実際の体験を告白せず、経験を表現される意味を考える。|作品によって共有される深い自己を聞く。
0516|孤独な時に自分だけの居場所だった作品が、多くに知られた。皆と語れる嬉しさと、自分の支えを失う感覚をどう分ける？|人気が作品そのものを失わせるとは置かず、私的な関係を考える。|文化の私的な居場所の変化を聞く。
0517|自分の生き方を変えた作品を親しい人へ勧めたが、その人は傷ついたと言う。自分を支えたものと相手の経験をどう語り合う？|同じ受け止めを求めず、作品を勧めた期待と責任を考える。|親密な人と異なる文化の支えを聞く。
0519|自分を家族につなぐ伝統だと思って続けた習慣が、親の代に新しく作られたと知った。受け継いだ自分の意味は変わる？|起源の古さと、生活の中で持ったつながりを別に考える。|自分を支えた伝統の来歴を聞く。
0522|自分の育った町が展示では「失われた暮らし」と呼ばれ、今の自分はそこにいないように感じる。何を歴史ではなく現在の声として伝えたい？|生活が完全に終わったとは置かず、過去として代表される感覚を考える。|展示で過去にされた自己の帰属を聞く。
0525|何世代も使ってきた道具を次へ渡すのは自分が最後かもしれない。使って傷めることと、使わず残すことのどちらに継承を感じる？|同じ道具を使う担い手が少ない仮定で、実践の継続を考える。|最後の担い手が残す文化を聞く。
0527|自分の苦しさから作った作品が、他の人には希望の物語になった。分かってほしかったことが違っても、渡せたと感じる？|受け手の解釈が作者の経験を否定したとは限らない。|人生の表現を受け手へ手放す意味を聞く。
0528|家族の経験を材料に、自分の人生の作品を作った。本人は自分の時間を奪われたと感じている。何を自分だけの物語として語れる？|作品に事実の誤りはないが、経験を使う希望が違う。|創作で他者の人生を借りる責任を聞く。
0529|昔の作品は今の信念と違うが、誰かの人生を支えていると聞く。過去の自分を公に残す責任をどう考える？|作品を消すことと、現在の考えを説明することを分ける。|創作者の信念の変化と継続を聞く。
0530|人生の長い時間をかけた作品が完成したが、作っていた時ほど生きている感じがしない。終えた自分は何を失い、何を得たと思う？|成功や失敗の判定ではなく、制作の終わりが自己に持つ意味を考える。|創作の目的を達成した後の自己を聞く。
0531|自分の人生を描いた作品が故郷の代表になったが、そこに居場所を感じない人もいる。自分の愛着で誰の声を見えなくしたかと思う？|一人の経験と集団全体を分け、作者に全員の代弁義務を負わせない。|個人作品が文化を代表する責任を聞く。
0532|自分の人生で解けなかった迷いを作品にしたが、分かる結論へ直せば多くへ届くと言われた。誰にどんな自分を渡したい？|作品を理解する入口と、本人が未解決であることの意味を比べる。|人生の迷いを創作に残す自由を聞く。
0533|大切な一人へ届くため作った作品が広く評価されたが、その人は受け取れない。成功した自分をどう受け止めたい？|相手が受け取れない理由の告白は求めず、制作目的と成果を考える。|届かなかった相手と創作の成功を聞く。
0534|人生を変えた最初の作品を作り直す機会があるが、直すと当時の自分の必死さは消える。今の自分は何を残したい？|技術の向上と、その時だけの表現を別の価値として考える。|過去の自己を再創作する意味を聞く。
0536|生涯の師から教わった技を新しい形で続けたら、師は受け継がれなかったと感じた。恩と自分の表現をどう結び付ける？|形を変えたことが技術の否定とは限らず、継承の意味が異なる。|師への恩と創作の独立を聞く。
0539|故郷を離れ料理を通して文化を伝えてきたが、地元では「もう私たちの料理ではない」と言われた。自分が生きてきた文化を誰のものと感じる？|材料や環境が変わった設定で、文化への帰属を一つに決めない。|移動して育てた文化の自己像を聞く。
0540|親が人生をかけた習慣を、自分は続けなかった。次の世代に語る時、その選択を親への拒絶と感じる？何を受け継いだと言える？|実践をしないことと、親の人生への敬意を区別する。|継承しなかった人生の納得を聞く。
0541|自分が育った遊びを子へ伝えると、「この地域の子でいるには嫌でも覚えるの？」と聞かれた。受け継がせたい気持ちは何を子へ求めていた？|遊びの好みだけで地域への帰属を決めず、文化を渡す期待を考える。|文化の継承に込めた子への期待を聞く。
0542|自分の文化を代表して教える役を頼まれたが、自分はその文化から距離を置いて生きてきた。どんな自分として話したい？|所属や出自が、信じ方や知識を一律に決めるとは置かない。|出自で文化代表にされる葛藤を聞く。
0543|祖父母の人生を記録してきたが、自分が聞かなかったつらい時代の話がある。もう聞き直せない時、何を分からないまま残したい？|推測を本人の事実として書かず、聞き手の選択の限界を考える。|家族史の語りで残る空白を聞く。
0544|きょうだいと家族の歴史を書くと、自分が大切にした時代を相手は苦しいと覚えていた。同じ家族の物語を一つにしたい？|記憶をどちらかだけの誤りと決めず、経験の違いを考える。|親密な家族の歴史の分裂を聞く。
0546|家族の記録を公へ渡せば、忘れられた暮らしを知ってもらえる。家族は家の中だけに残したい時、自分は誰へ何を返したい？|資料の所有の法的結論ではなく、歴史へ参加する意味を考える。|家族の記憶を公的な歴史にする願いを聞く。
0547|地元の歴史を書く自分は、家族の人生が見えなくなるのを怖く感じる。地域の物語に何を入れたいという願いなのだろう？|資料を持つ人の関心だけで全体を代表しない。|歴史へ家族を残す私的な望みを聞く。
0549|自分が育った暮らしを「昔の生活」として案内する役になった。まだその文化で生きる自分は、何を過去にしたくない？|懐かしい展示と、現在も続く実践を分ける。|歴史の案内役に残る現在の自己を聞く。
0550|祖父母の手仕事を残したが、その技を継ぐ人は自分にもいない。記録だけが続くことを、何を守れた人生だと思える？|資料の保存と、身体で行う技の継続は同じではない。|記録だけ残した継承の納得を聞く。
0552|人生をかけて続けた行事を自分が縮めると、担い手は休めるが大切な場面は消える。何を残した責任者でありたい？|以前の形への愛着と、今の担い手の暮らしを比較する。|文化を縮める継承者の自己像を聞く。
0553|自分が祈りを覚えた建物の修復を任された。古い形を残すと今の人は使いにくい。自分の記憶と次の人の祈りをどう比べる？|どちらの形も実現できない架空の修復条件で、保存する意味を考える。|文化財の私的記憶と未来の実践を聞く。
0554|長年守った儀礼の道具を次の担い手は普段の生活で使いたい。大切に守った自分の時間を、どう手放して渡せる？|傷みは避けられない仮定で、用途を変えることを破壊だけとしない。|守った文化を他者に委ねる意味を聞く。
0555|展示を担う自分へ、生涯支えてくれた人が自分の作品を中心にしてほしいと言う。恩返しと公に渡す文化をどう分けたい？|支援者からの希望があり、展示の目的に全ては合わない設定。|文化施設の選定と私的な恩を聞く。
0557|故郷を離れた自分が文化を教える場を作ったが、地元の人は「私たちの場ではない」と感じる。誰のための継承だったと考え直す？|教える内容の誤りは確定せず、場の目的と帰属が異なる。|文化の場を作った移動者の責任を聞く。
0558|人生をかけて集めた文化の記録を後継者へ渡す。自分とは違う分類で語り直されても、何を受け継いだと感じたい？|資料の保存と、解釈の固定を分けて考える。|文化を後の人へ返す自律を聞く。
0559|家族をつないできた行事を決める自分に、子はその文化を背負いたくないと言う。家族であり続けることを何に置きたい？|文化への参加と、家族の関係を同じ条件にしない。|文化を継がない子と家族の意味を聞く。
0560|生涯親しんだ祈りの場を自分が引き継いだ。新しく来る人が増えると静かな日常は戻らない。誰の祈りの場を残したい？|人を迎える意味と、長く実践した人の居場所を比べる。|信仰の場を渡す人の喪失を聞く。
0562|地域語を人生の支えとして教材にする自分に、若い人は今の言葉も残してほしいと言う。自分が守ろうとした文化をどう変えられる？|古い言い方だけが正しいとはしない。教材が未来の使い方に関わる設定。|言語を残す人の信念の更新を聞く。
0563|故郷の文化の紹介を任された自分は、そこでは苦しい経験もあった。誇りだけを期待される場で、どんな自分として語りたい？|出自と、本人が持つ文化への感情を区別する。|文化を代表する役と複雑な自己を聞く。
0564|自分が育った祭りを次の世代へ渡す時、若い担い手は象徴だった音をなくしたいと言う。形を失っても継いだと言えるものは何？|騒音規制ではなく、祭りの意味を変えていく権限を考える。|象徴を手放す文化の継承を聞く。
0565|自分の人生を支えた作品の会を主催したが、参加者はその作品の価値観で傷ついたと話す。居場所を作った自分は、何を受け止め直したい？|作品の受け取りを一致させず、場を作った責任と愛着を考える。|文化の居場所の主催者の責任を聞く。
0566|長年続けた技を誰に渡すか決める自分。上手だが使い方を変えたい人と、同じ姿を守りたい初心者のどちらへ託したい？|両方を同時に育てる時間はなく、後の文化の形を選ぶ責任がある。|継承先を決める人生の時間を聞く。
0570|町の歴史を展示する自分へ、家族は町への誇りを守ってと言う。苦しい暮らしも見せると誇りが揺らぐなら、何を故郷の物語にする？|地域への愛着と、複数の経験を残す責任を分ける。|故郷の歴史を作る家族の期待を聞く。
0571|自分が誇りとして育った記念碑を管理する。説明の一部が資料と違うと確認された時、何を変え、何を愛着として残したい？|物の来歴と現在の歴史理解が異なる架空の設定。|自分の象徴の歴史を訂正する責任を聞く。
0572|自分の家の記録が多く残ったため、地域展示は家族の歴史が中心になった。記録のない人を思う時、何を語れないまま示したい？|資料の多さが生活の重要さを決めるとは限らない。|歴史に残りやすい立場の責任を聞く。
0573|生涯集めた歴史資料を次へ残す判断をする自分。誰にも読まれなかった声にも場所を使いたいのは、何を残すためだろう？|保管には限りがあり、未来の関心も保証できない。|報われない記録を未来へ託す意味を聞く。
0574|自分の人生を未来へ残す箱を作る。家族は誇れる成果を望むが、自分は迷って生きた時間も伝えたい。誰にどんな自分を残す？|自己の記録を公へ渡す架空の企画で、代表したい人生の姿を考える。|未来の歴史になる自己の表現を聞く。
0093|何年も憧れた学校へ入り、そのため友達との時間も後回しにした。学ぶ内容には心が動かない今、進んできた人生をどう受け止める？|合格自体は達成している。達成後の自己像と、学ぶ目的のずれを考える。|学校へ進むために使った人生を聞く。
0097|成績が良いことを自分の価値としてきたが、新しい学校では上位でなくなった。評価されなくても、自分は何を学ぶ人でありたい？|理解する力を失ったとはせず、相対評価と自己の支えを分ける。|学習評価に支えられた自己価値を聞く。
0101|才能を見込まれた分野で多くの支援を受けたが、今はそこで生きたくない。才能と呼ばれた自分をどこまで手放せる？|支援への感謝が、その分野を続ける義務になるとは置かない。|才能に託された人生を返す望みを聞く。
0113|長く働いた道を離れ学び直すと、同世代の友達と生活の話が合わなくなった。「遅れた自分」ではなく何を始めた自分と感じたい？|学び直しを必ず成功する選択とせず、人生の時間への意味づけを考える。|人生をやり直す学習の自己像を聞く。
0151|自分が一生深めたい学びは故郷にあるが、人生を共にしたい相手は遠くへ進む。学ぶ居場所と二人の未来をどう話し合う？|どちらも今は移れない架空条件で、学びを生き方として考える。|学問の居場所と親密な未来を聞く。
0153|人生の長い時間を独学に使い目標を達成したが、共に学んだ仲間はいない。得た力と、その間一人で生きた時間をどう受け止める？|孤独を必ず失敗とせず、共同の経験を欲しかった気持ちも考える。|独学に使った人生の得失を聞く。
0154|長年頼られる学習者として生きた自分が、全く知らない分野へ移りたい。役に立つ自分でない場所でも学ぶ意味を感じられる？|既存の能力は失わないが、新しい場では初心者になる設定。|有用な自己を離れる学びの望みを聞く。
0264|若い時の自分の言葉が検索に残り、今の親しい人もその言葉で自分を見る。変わった自分を伝えるため、何を消し何を語り直す？|当時の発言は事実でも、現在の自分を全て代表しない。|過去の発信に固定された人生を聞く。
0273|オンラインでは深く話せる親友に、対面の自分は別人のようだと言われた。どんな自分を知ってもらえれば、同じ関係だと感じる？|媒体ごとの違いを偽りとせず、親密な理解の条件を考える。|媒体を越えて知ってもらう自己を聞く。
0275|整えた自分の写真を通じて大切な相手と出会った。元の顔を見せるのが怖い時、相手は何を好きになったと思いたい？|見た目の反応は未確認で、本人の不安と自己表現を考える。|加工された自己で作る親密な関係を聞く。
0289|家族の苦しい経験がニュースに出ると知った。記録を確かめたいが、その出来事で家族を見たくない。どんな情報から距離を置きたい？|報道内容の正誤は未確定で、家族の人生と情報の受取時期を分ける。|親密な人の報道を受け取る感覚を聞く。
0301|長年人生を聞いてきた取材相手に、批判されるべき事実を確認した。相手への信頼と、報道する自分の生き方をどう結び付ける？|疑いではなく事実が確認済みの仮定。関係と公的な役割を比べる。|取材で結んだ親密さと責任を聞く。
0340|自分が人生をかけて守った技術を、今は少数の人だけが生活の支えに使う。終える判断で何を自分の責任として残したい？|維持する時間に限りがあり、代替へ直ちに移れない設定。|作った技術を終える人生の区切りを聞く。
0348|苦しい時に支えられた発信者が、その時の言葉はもう信じていないと言う。生きる支えにした自分の時間はどう残る？|発信者の変化が、受け手の過去の経験を無効にするとは置かない。|撤回された言葉で生きた自己を聞く。
0350|離れて暮らす家族へ安心のため連絡機能を設けたが、本人は外したいと言う。技術で見守ることが、自分は何の代わりになっていた？|本人の希望と、離れる側が持つ負い目や不安を別に考える。|技術へ預けた家族への責任を聞く。
0514|自分を救った物語が、穏やかな今は響かなくなった。苦しかった頃の自分を置いていくように感じたら、何を残したい？|好みの変化だけでなく、作品に支えられた人生の連続性を考える。|支えた文化から離れる自己の変化を聞く。
0521|家族に大切だった人の人生が、公の歴史にはほとんど残っていない。自分が語らなければ消えそうな暮らしに、どんな責任を感じる？|記録の少なさを人生の価値と同一視せず、語り手の立場を考える。|歴史に残らない身近な人生への責任を聞く。
0523|育った町の行事が終わり、共に過ごした人も別々になった。今の自分は何を故郷に帰ることだと感じる？|行事や場所が同じままではない架空条件で、帰属の意味を考える。|戻れない文化の居場所を聞く。
