カテゴリー,現行,追加,反映後の予定,広げる会話の軸,状態
自分・価値観,55,245,300,達成後の意味／自分らしさと変化／居場所／後悔と納得／希望の持ち方／何を残したいか,最終確認待ち
人間関係・コミュニケーション,265,185,450,関係の変化／対等さ／距離を置く感覚／修復と許し／理解されること／一緒にいる意味,最終確認待ち
倫理・意思決定,17,163,180,結果と動機／引き受ける責任／後悔との関係／判断を変える条件／許しの意味／自分の例外,最終確認待ち
家族・ケア,47,253,300,ケアを受ける自律／家事の段取り／ケアと人生の時間／家族の形／悲嘆と記憶／責任を分かち合う,最終確認待ち
ジェンダー・性・アイデンティティ,100,150,250,自分を表す言葉／期待される役割／身体と自己像／話す相手の選択／親密さの望み／尊重された感覚,最終確認待ち
健康・障害,33,267,300,体調の変動／知らないでいる選択／本人が望む看取り／治療と生活の意味／配慮を受ける感覚／身体の変化と自己像,最終確認待ち
仕事・経済,30,270,300,働く意味／得意と挑戦／時間外の境界／学び直し／協働と責任／仕事を手放す意味,最終確認待ち
お金・買い物・税,13,207,220,価格の納得／返済と再出発／財産を残す意味／欲しいものと安心／動物福祉と買い物／所有と共有,最終確認待ち
住まい・地域・交通,17,233,250,同居の境界／見守りと自律／住まいへの帰属／住民参加／移動の維持／移る自由と住み続ける意味,最終確認待ち
学校・若者,142,158,300,学ぶ意味／進路の迷い／失敗と評価／所属と退出／大人に頼る／学校を変える参加,最終確認待ち
技術・メディア・プライバシー,57,193,250,言葉の出所と気持ち／故人の私的記録／理解された感覚／情報を手放す／記憶と記録／見せる自分と見せない自分,最終確認待ち
文化・宗教・歴史,27,223,250,祈りと自分の距離／受け継ぐ習慣／歴史資料と家族の記憶／文化財の帰属／言語と居場所／創作を受け取る意味,最終確認待ち
司法・安全・犯罪,42,158,200,回復と処罰／更生後の関係／責任と許し／証言する本人の迷い／安全と尊厳／被害をどう語るか,最終確認待ち
社会・公共政策・環境,37,213,250,支援を受ける尊厳／公的支援への距離／生活の最低限／孤立とつながり／移住者の帰属／世代間の責任,最終確認待ち
民主主義・市民参加,13,187,200,考えを変える参加／話を聞かれる側の決定参加／代表すること／参加しない自由／対話への期待／異なる人への信頼,最終確認待ち
環境・エネルギー・防災,26,224,250,生態系と個体の命／変わる景色への感覚／備えと普段の暮らし／回復したい地域／資源を使う責任／自然との距離,最終確認待ち
国際・平和・協力,12,188,200,帰還と新しい暮らし／支援の目的を決める人／国を越えた帰属／相互の依存／平和を支える負担／遠くの他者への関心,最終確認待ち
科学・研究,9,251,260,同意を考え直す／新規性と確かめ直し／確信が変わる条件／専門家への信頼／研究する理由／知る利益と知る負担,最終確認待ち
